User ID,User Input,Polarity,Extracted Concern,Category,Intensity
1,"I am constantly worried these days.",Negative,constantly worried,Health Anxiety,4
1,"I’m trying, but I’m still constantly worried.",Negative,constantly worried,Eating Disorder,3
1,"I am worried about health these days.",Positive,worried about health,Anxiety,9
1,"Every day I’m happy and excited.",Positive,happy and excited,Health Anxiety,1
1,"I feel happy and excited lately.",Positive,happy and excited,Depression,1
1,"Sometimes, I think I'm feeling very low.",Negative,feeling very low,Insomnia,2
1,"My mind feels like it’s can't sleep well.",Negative,can't sleep well,Health Anxiety,6
1,"It’s a struggle, I’m constantly worried.",Negative,constantly worried,Stress,10
1,"Lately, I’ve been feeling very anxious.",Neutral,feeling very anxious,Health Anxiety,1
1,"Sometimes, I think I'm feeling hopeful.",Negative,feeling hopeful,Health Anxiety,3
1,"I’m trying, but I’m still extremely stressed.",Positive,extremely stressed,Positive Outlook,9
1,"I am feeling very low these days.",Negative,feeling very low,Stress,7
1,"I am feeling hopeful, and it’s affecting me.",Negative,feeling hopeful,Stress,8
1,"My mind feels like it’s worried about health.",Negative,worried about health,Eating Disorder,6
1,"I am constantly worried, and it’s affecting me.",Negative,constantly worried,Career Confusion,5
1,"Recently, I’ve noticed that I’m constantly worried.",Negative,constantly worried,Stress,1
1,"I am feeling much better these days.",Positive,feeling much better,Depression,4
1,"Lately, I’ve been happy and excited.",Positive,happy and excited,Insomnia,10
1,"Things have been tough, I keep extremely stressed.",Neutral,extremely stressed,Insomnia,9
1,"These past few days, I’ve been feeling can't sleep well.",Neutral,can't sleep well,Depression,9
